variant_and_allele,af
rs325485-<b>A</b>,0.3833847447009286
rs416223-<b>?</b>,-1.0
rs910805-<b>?</b>,-1.0
rs4307059-<b>T</b>,0.6450490521369514
rs10141157-<b>T</b>,0.4935944944415034
rs1000177-<b>T</b>,0.23610792192881744
rs9786153-<b>T</b>,0.4924998440716023
rs2032658-<b>A</b>,0.4134232464291404
rs17693963-<b>A</b>,0.923950914867974
rs7403809-<b>T</b>,0.2283730454711889
rs6584649-<b>?</b>,-1.0
rs6461809-<b>?</b>,-1.0
rs4481150-<b>T</b>,0.5096970936610945
rs1021363-<b>A</b>,0.30279176201373
rs10099100-<b>C</b>,0.33668607728957123
rs10099100-<b>?</b>,-1.0
rs34509057-<b>?</b>,-1.0
rs1865680-<b>G</b>,0.40339637421665175
rs1589526-<b>?</b>,-1.0
rs2032624-<b>A</b>,0.4111852834373437
rs2032631-<b>G</b>,0.3919304156273284
rs77691144-<b>T</b>,0.9736338405589052
rs111931861-<b>G</b>,0.03526792127567878
"rs8453-<b>G</b>, rs926938-<b>A</b>",0.8617097328995628
rs71190156-<b>?</b>,-1.0
rs6537825-<b>A</b>,0.08521677017617517
rs6508210-<b>?</b>,-1.0
rs6500768-<b>?</b>,-1.0
rs71190156-<b>G</b>,-1.0
"rs3827735-<b>C</b>, rs11582563-<b>G</b>, rs11102807-<b>A</b>, rs7511633-<b>G</b>, rs11102800-<b>C</b>, rs6537825-<b>A</b>, rs11585926-<b>T</b>, rs6661053-<b>T</b>, rs11589568-<b>T</b>",0.8711053200706567
rs201910565-<b>AT</b>,-1.0
rs12402629-<b>T</b>,0.6783380800804155
rs926938-<b>A</b>,0.4999300711526022
rs4141463-<b>?</b>,-1.0
rs4773054-<b>?</b>,-1.0
rs60527016-<b>T</b>,0.8197988353626258
"rs3827735-<b>C</b>, rs11582563-<b>G</b>, rs7511633-<b>G</b>, rs11102800-<b>C</b>, rs6537825-<b>A</b>, rs11585926-<b>T</b>, rs6661053-<b>T</b>, rs11589568-<b>T</b>",0.8711053200706567
"rs11582563-<b>G</b>, rs7511633-<b>G</b>, rs11102800-<b>C</b>, rs6537825-<b>A</b>, rs11585926-<b>T</b>, rs6661053-<b>T</b>, rs11589568-<b>T</b>",0.8214751540881308
"rs1877455-<b>T</b>, rs11587400-<b>C</b>",0.10392292661208538
rs978597-<b>G</b>,-1.0
"rs10858047-<b>T</b>, rs1877455-<b>T</b>, rs11587400-<b>C</b>",0.8576063961577313
"rs8453-<b>G</b>, rs10489525-<b>G</b>, rs926938-<b>A</b>",0.8617097328995628
rs112635299-<b>T</b>,0.008476372112735749
rs72934503-<b>G</b>,-1.0
"rs11582563-<b>G</b>, rs7511633-<b>G</b>, rs6537825-<b>A</b>, rs11585926-<b>T</b>, rs6661053-<b>T</b>, rs11589568-<b>T</b>",0.8214751540881308
chr5:168173526-<b>A</b>,-1.0
rs10513025-<b>?</b>,-1.0
rs4150167-<b>?</b>,-1.0
rs910805-<b>G</b>,0.22578007810916365
rs4675502-<b>?</b>,-1.0
rs210894-<b>T</b>,0.563123827959591
rs1867503-<b>?</b>,-1.0
rs1409313-<b>?</b>,-1.0
rs138867053-<b>A</b>,0.01933701657458564
rs113764414-<b>A</b>,0.7212105884336537
rs2635182-<b>T</b>,0.4669985831234257
rs2391769-<b>G</b>,0.6720151551664123
rs16976358-<b>C</b>,0.008093889113719142
rs141455452-<b>T</b>,0.5298844348140123
rs77691144-<b>C</b>,0.02636615944109484
rs1452075-<b>T</b>,0.7244582641276218
rs6047270-<b>T</b>,0.3674430915828481
rs7711337-<b>?</b>,-1.0
rs7834018-<b>?</b>,-1.0
rs10110094-<b>A</b>,0.1678671918964547
rs142920272-<b>C</b>,-1.0
rs148587110-<b>C</b>,0.009953100573215216
rs143609523-<b>G</b>,0.006774361646690985
rs143634450-<b>A</b>,0.010153429602888087
rs4703129-<b>?</b>,-1.0
rs6701243-<b>A</b>,0.6151932239280042
rs59566011-<b>GA</b>,-1.0
rs6692705-<b>A</b>,0.4076893428406244
rs740883-<b>T</b>,0.09776759019334264
rs11185408-<b>G</b>,0.5006107376578413
rs142968358-<b>T</b>,-1.0
rs1550976-<b>?</b>,-1.0
rs6538761-<b>A</b>,0.3499734972967243
rs13188074-<b>A</b>,0.4125900325722937
rs12942300-<b>T</b>,0.8615669666490207
rs12203328-<b>C</b>,0.13884663255428015
rs405182-<b>G</b>,0.7416089783931193
rs7835763-<b>A</b>,0.7919004764425622
rs11188360-<b>A</b>,0.1645489199491741
rs2295926-<b>G</b>,-1.0
chr7:105064665-<b>T</b>,-1.0
rs12543592-<b>G</b>,0.4509578799813097
rs77230196-<b>C</b>,0.06615185225186307
rs632349-<b>G</b>,0.3554055717392196
rs4916723-<b>C</b>,0.3899126762873073
rs10038113-<b>T</b>,0.5906679373026484
rs292441-<b>G</b>,0.309341252699784
rs45595836-<b>T</b>,0.07115778071970152
rs118045675-<b>G</b>,0.9900691320092176
chr17:31559597-<b>C</b>,-1.0
rs7142002-<b>?</b>,-1.0
rs2186039-<b>C</b>,0.26434788989479285
rs10742763-<b>T</b>,0.051263778031166864
rs145570843-<b>A</b>,0.9983017420839267
rs16823191-<b>G</b>,0.09312919061695056
rs9598562-<b>T</b>,0.19660607146055345
rs77562299-<b>C</b>,0.0849259669949775
rs183563276-<b>G</b>,0.0007481030244736561
rs12557857-<b>G</b>,0.0583678317525197
rs3914502-<b>A</b>,0.5210741811175337
rs141319505-<b>A</b>,0.9916504012144872
rs11787216-<b>C</b>,0.6875066172578084
rs6589964-<b>A</b>,0.4678733063473323
rs10510837-<b>?</b>,-1.0
rs1551064-<b>C</b>,0.14181751811153334
rs56054767-<b>C</b>,-1.0
rs12058696-<b>G</b>,0.08791394696403647
rs12557937-<b>A</b>,0.0792627427184466
rs115254791-<b>G</b>,-1.0
chr16:12594568-<b>A</b>,-1.0
rs9823776-<b>A</b>,0.20410233570863026
rs7710122-<b>C</b>,0.4720282592623018
rs17121331-<b>G</b>,0.14871199814342076
rs13447352-<b>A</b>,0.9052020284639292
rs6453278-<b>?</b>,-1.0
rs61925919-<b>A</b>,0.1867654843832716
rs892055-<b>?</b>,-1.0
rs13103662-<b>A</b>,-1.0
rs2368671-<b>T</b>,0.12383864098690235
rs72646783-<b>T</b>,0.029286086503387182
rs11184553-<b>A</b>,0.4342260345730749
rs1046041-<b>T</b>,0.5579248658318425
rs60624745-<b>C</b>,0.8322377622377622
rs17533237-<b>A</b>,0.05809828516351856
rs200332011-<b>C</b>,-1.0
rs34509057-<b>A</b>,0.20460884116580672
rs11072298-<b>A</b>,0.2548821514805573
chr18:41228896-<b>G</b>,-1.0
rs7179456-<b>?</b>,-1.0
rs2638592-<b>C</b>,0.19751191106405505
undefined,-1.0
chr6:96509180-<b>D</b>,-1.0
rs36059156-<b>G</b>,0.7249338274219164
rs34739626-<b>T</b>,-1.0
rs10888329-<b>?</b>,-1.0
rs7627815-<b>T</b>,0.034110616706472294
rs56027323-<b>A</b>,0.10169401799894123
rs9573902-<b>C</b>,0.06766326491017034
"rs1545620-<b>G</b>, rs7248508-<b>C</b>",0.4220772658367403
rs117603308-<b>T</b>,0.01277590518647385
"rs2280840-<b>G</b>, rs6599528-<b>A</b>",0.5723171184552543
chr20:44957939-<b>T</b>,-1.0
rs201369005-<b>G</b>,-1.0
rs2447097-<b>A</b>,-1.0
rs79940520-<b>G</b>,0.11944965603502188
